profile_fbid,profile_name,profile_url,post_no,post_id,post_caption,post_image_url,like_count,share_count,comment_count,level,who_commented,what_comment,who_shared,shared_url,who_liked
100050156493004,Shashwat Saxena,https://www.facebook.com/shashwat.saxena.14473,1,78b6cdd8730683233db6f5e5f904e7780db25508f86916590968d80de978953f,Others named Shashwat Saxena Shashwat Saxena Shashwat Saxena Shashwat Saxena See more people with the same name Others with a similar name Tarun Saxena Sanya Saxena,,0,0,0,0,,,,,
100050156493004,Shashwat Saxena,https://www.facebook.com/shashwat.saxena.14473,2,195af15bf889c4dbf3c665014198ab7af3c6fae7a6f4ebb3e362db3ee1a53354,Photos See All Photos,https://scontent.fdel11-4.fna.fbcdn.net/v/t39.30808-6/515500312_1259636492384889_5731425320145040193_n.jpg?stp=dst-jpg_s160x160_tt6&_nc_cat=105&ccb=1-7&_nc_sid=e09983&_nc_ohc=NM-yE8QwcVkQ7kNvwEoS0q1&_nc_oc=Adl8WmVAE1ZhJMYea9C3AUdXGZHKUtjwHPQFSla3b7dq4PBDCG_VtpW2t3w0mk7HgPI&_nc_zt=23&_nc_ht=scontent.fdel11-4.fna&_nc_gid=y16FFKmRom8B2NFmPF3g5w&oh=00_Afq9wXJZdOh3Hdew1Jtccrh2wGI6We0sFA5KxcbCFwT_YQ&oe=696D4F4F,0,0,0,0,,,,,
100014620571805,Adeept Singh,https://www.facebook.com/adeept.singh.3,1,c8a19ff7c3c6c89b634b5939231098228fc13b22088fcfd5d52762e4a0517fba,About Work No workplaces to show University No schools/universities to show High School No schools/universities to show,,0,0,0,1,,,,,
100014620571805,Adeept Singh,https://www.facebook.com/adeept.singh.3,2,1691481029dfaba54c2354b4a89b4ca0737342a0e9020bceb9fead6241b688f1,Photos See All Photos,https://scontent.fdel11-4.fna.fbcdn.net/v/t39.30808-6/486875278_2050705935426739_79302267268154424_n.jpg?stp=dst-jpg_s160x160_tt6&_nc_cat=109&ccb=1-7&_nc_sid=e09983&_nc_ohc=wVX9KZyySXgQ7kNvwGRRr5F&_nc_oc=AdnYS00aR5CJwl2BAo23Vj5IO_VNYX8B-njo8kh8vCIBUJbro3oYI6XojYRfuYUS8S8&_nc_zt=23&_nc_ht=scontent.fdel11-4.fna&_nc_gid=dOj0vdOk9czt_fQnGUx4mQ&oh=00_AfpHUYVEmrcVL8yO0Ynu5DPLGXxoQPXGAUnN-cKmSSASWg&oe=696D2A83,0,0,0,1,,,,,
100003598705792,Neelam Rawat,https://www.facebook.com/neelam.rawat.1420,1,a8b0c09517047bf3b0628346fe2ab3b94f6da4643efd3aa7d72d8f26d17cf8a4,#sukoon #sukoon k pal#bff#chai lover,https://scontent.fdel11-2.fna.fbcdn.net/v/t51.71878-15/572562600_919034134618551_4002467592046140839_n.jpg?stp=dst-jpg_s960x960_tt6&_nc_cat=103&ccb=1-7&_nc_sid=b5ba86&_nc_ohc=eRDSAwyDvh4Q7kNvwHVTFw_&_nc_oc=AdmXOZmzS2aqEdncp9q38z6wnZ3ghvxKMejp5BMuA1msJr3AgmeV4Kv1_UbKXTQoOqM&_nc_zt=23&_nc_ht=scontent.fdel11-2.fna&_nc_gid=1NRbCyVRANU9_qGr6Onxnw&oh=00_AfoBK9WggzwKX9NIeng4c44EC4NkZj47e0u8gkaeU2_D_Q&oe=696D1A8E,0,0,0,1,,,,,
100003598705792,Neelam Rawat,https://www.facebook.com/neelam.rawat.1420,2,d1b99e2d31fbc26f6251e4de15350351b9b22c63283884474d44190d4e263190,Forever starts today#cheers#happy#congrats#family#joy,https://scontent.fdel11-3.fna.fbcdn.net/v/t51.71878-15/575141878_4265400370355817_1965973123141403457_n.jpg?stp=dst-jpg_s960x960_tt6&_nc_cat=101&ccb=1-7&_nc_sid=b5ba86&_nc_ohc=yRQpdBJ4kyUQ7kNvwFlncvW&_nc_oc=Adnwby0kE6Zas79VyB-RkE0JEw1PctNPwtjI_fvgMyzng-5_dMCfcKnPbZ6inYPVLWo&_nc_zt=23&_nc_ht=scontent.fdel11-3.fna&_nc_gid=vEwtJ_BzFwpeh-2aCf8YyA&oh=00_AfoBv62ZT9mPBs4_g_Sy3eTR3DjJ76bXw9-iTDjr_cHe6g&oe=696D242C,0,0,0,1,,,,,
100003598705792,Neelam Rawat,https://www.facebook.com/neelam.rawat.1420,3,08d6f961bbae2e7fb83301055a5bec7851c4e7245ab784512d7c04b63ee7c675,My world ❤️ 🌍 baby girl 💕,https://scontent.fdel11-1.fna.fbcdn.net/v/t51.71878-15/573846953_1153560916940476_6863245117882452019_n.jpg?stp=dst-jpg_s960x960_tt6&_nc_cat=100&ccb=1-7&_nc_sid=b5ba86&_nc_ohc=nG7eyIGcpBYQ7kNvwG3qvHo&_nc_oc=AdmRxamHHXLFhwMhozASLo9gDvjCJWUnxG54t42qmjuz4ztFR_TPd7Q7iAWZrgcSXOc&_nc_zt=23&_nc_ht=scontent.fdel11-1.fna&_nc_gid=vEwtJ_BzFwpeh-2aCf8YyA&oh=00_AfqsPuqx6fojEA2EXr_ebQIXHXzeKvkeWsK8lklfq1WJmA&oe=696D21BB,0,0,0,1,,,,,
100003598705792,Neelam Rawat,https://www.facebook.com/neelam.rawat.1420,4,4ed18c4f03044f7ce98a3add3116b0fa4a03b75d0ba2b7be657cb8602d9ac882,Wedding vibes #mama #mama ki shaadi #babygirl #babygirl,https://scontent.fdel11-3.fna.fbcdn.net/v/t51.71878-15/572163609_853357007040172_2454342604177164668_n.jpg?stp=dst-jpg_s960x960_tt6&_nc_cat=104&ccb=1-7&_nc_sid=b5ba86&_nc_ohc=clzk2Y9DJVIQ7kNvwGji1Xl&_nc_oc=Adl8PQ7crtKUzWW9WOpnEfv-CGGsB3gPfT3rRILnN-cOZVj5l7SaLEyhx_N8t_uD4fk&_nc_zt=23&_nc_ht=scontent.fdel11-3.fna&_nc_gid=vEwtJ_BzFwpeh-2aCf8YyA&oh=00_Afoh1m4-EWOiqUaSDhryR9wYibl1SCxKUPqGE2XDjy4tug&oe=696D2271,0,0,0,1,,,,,
100003598705792,Neelam Rawat,https://www.facebook.com/neelam.rawat.1420,5,87cffde68b65a795ff908a24e12c61bee78bc9eb6d7e61e06ce3db55baf340c9,Happy janamashtami #babygirl #babygirl,https://scontent.fdel11-2.fna.fbcdn.net/v/t51.71878-15/534424960_1126660226178697_3949195787011971145_n.jpg?stp=dst-jpg_s960x960_tt6&_nc_cat=103&ccb=1-7&_nc_sid=b5ba86&_nc_ohc=2uojibEVZ5gQ7kNvwHhXIXJ&_nc_oc=Adl6pCsat_SwK3pcnK7fLkzW88Rc6NNvKVnmp9LY4b3Fubjg5iVUF7E_VRCVPzvykDY&_nc_zt=23&_nc_ht=scontent.fdel11-2.fna&_nc_gid=tWEL4eZv6LVd78bh5NfeQA&oh=00_AfrLeKGdeC_NwP3K8gHhfkMn6KZIGXk_46ljPYup6yMI9w&oe=696D29EA,0,0,0,1,,,,,
